Place,Attraction,Travel_Theme,Opening_Time,Closing_Time,Visit_Duration,Description & Backstory,Top Highlights & Unique Features,Events & Experiences,Top Things To Do
Hampi,Virupaksha Temple,Religious/Spiritual; Historical; Architectural; Cultural,6:00 AM,1:00 PM & 5:00 PM to 9:00 PM,2-3 hours,"Virupaksha Temple is one of the oldest functioning temples in India, dedicated to Lord Shiva. It has been a major pilgrimage site since the 7th century and showcases stunning Vijayanagara architecture. The towering gopuram and intricate carvings reflect the region’s rich cultural heritage. The temple continues to attract devotees and tourists alike, preserving its spiritual and historical significance.",,,
Hampi,Vittala Temple & Stone Chariot,Architectural; Historical; Cultural; Religious/Spiritual,8:30 AM,6:00 PM,1-1.5 hours,"Vittala Temple is renowned for its magnificent architecture and the iconic Stone Chariot, which symbolizes the grandeur of the Vijayanagara Empire. The temple is famous for its musical pillars that produce different tones when struck. It served as a center of religious and cultural activities in its time. The complex exemplifies the craftsmanship and artistic brilliance of medieval South India.",,,
Hampi,Lotus Mahal,Architectural; Historical; Cultural,8:00 AM,6:00 PM,1 hour,"Lotus Mahal is a unique palace in Hampi, noted for its Indo-Islamic architectural style. Its lotus-shaped domes and arched balconies reflect elegance and functionality. The palace was likely used as a recreational space for royal women. It stands as a testament to the empire’s aesthetic sense and love for intricate design.",,,
Hampi,Elephant Stables,Architectural; Historical; Cultural,6:00 AM,5:30 PM,30-45 minutes,"The Elephant Stables were built to house the royal elephants of Hampi and demonstrate the grandeur of the Vijayanagara Empire. The structure has domed chambers and arches that combine Islamic and Hindu architectural elements. It highlights the importance of elephants in royal processions and ceremonies. Today, it stands as a symbol of historical and architectural heritage.",,,
Hampi,Hemakuta Hill Temples,Religious/Spiritual; Natural; Historical; Cultural,6:00 AM,6:00 PM,1.5-2 hours,"Hemakuta Hill is dotted with ancient temples and shrines dating back to the early Vijayanagara period. The temples are known for intricate carvings, small shrines, and panoramic views of Hampi. It is believed to have been a spiritual center for devotees and meditation. The hill reflects the religious and cultural vibrancy of the era.",,,
Hampi,Matanga Hill,Natural; Adventure/Outdoor; Relaxation; Cultural,6:00 AM,6:00 PM,1.5-2 hours,"Matanga Hill is famous for offering breathtaking panoramic views of Hampi, especially at sunrise and sunset. The hill is named after a sage who is believed to have meditated here. Several small temples and ruins hint at its historical significance. Visitors climb the hill to experience both the natural beauty and spiritual ambiance.",,,
Hampi,Hampi Bazaar,Shopping & Culinary; Cultural; Urban Exploration,6:00 AM,11:00 PM,1-2 hours,"Hampi Bazaar was once a thriving market street in the Vijayanagara Empire, serving traders and pilgrims visiting the Virupaksha Temple. The street is lined with ruins of old pavilions and shops. It provides a glimpse into the commercial and social life of medieval Hampi. The vibrant layout reflects the city’s bustling trade and cultural exchanges.",,,
Hampi,Achyutaraya Temple,Religious/Spiritual; Architectural; Historical; Cultural,6:00 AM,8:00 PM,1 hour,"Achyutaraya Temple is a grand temple complex dedicated to Lord Tiruvengalanatha, built during King Achyuta Deva Raya’s reign. It showcases elaborate carvings, pillared halls, and ornate gateways. The temple served as a major center of worship and royal ceremonies. The structure reflects the grandeur and devotion of the Vijayanagara era.",,,
Hampi,Tungabhadra River & Coracle rides,Natural; Adventure/Outdoor; Relaxation,Sunrise,Sunset,1-1.5 hours,"The Tungabhadra River has been central to Hampi’s landscape, providing water and supporting agriculture for centuries. Coracle rides offer a unique way to experience the river and surrounding ruins. The riverbanks have historically hosted religious rituals and festivals. Today, it provides both scenic beauty and a glimpse into Hampi’s traditional lifestyle.",,,
Hampi,Hazara Rama Temple,Religious/Spiritual; Historical; Architectural; Cultural,6:00 AM,6:00 PM,30-45 minutes,"Hazara Rama Temple is known for its exquisite bas-reliefs depicting scenes from the Ramayana. Built for the royal family, it was likely used for private worship and ceremonial purposes. The temple’s name, meaning “Temple of a Thousand Ramas,” reflects its intricate carvings. It remains an important site for art and history enthusiasts.",,,
Hampi,Malyavanta Raghunatha Temple,Religious/Spiritual; Cultural; Historical,6:00 AM,6:00 PM,30-45 minutes,"Malyavanta Raghunatha Temple is dedicated to Lord Rama and located near the river, offering serene surroundings. The temple is associated with legends of sage Malya and the early Vijayanagara kings. Its architecture is modest but spiritually significant. The site continues to attract devotees seeking peace and divine blessings.",,,
Hampi,Royal Enclosure,Historical; Architectural; Cultural,6:00 AM,6:00 PM,1-1.5 hours,"The Royal Enclosure was the administrative and ceremonial center of the Vijayanagara Empire. It includes audience halls, royal residences, and watchtowers. The complex reflects the empire’s power, wealth, and architectural sophistication. Excavations reveal the grandeur of a thriving medieval capital.",,,
Mysuru,Mysore Palace,Historical; Architectural; Cultural; Events & Festivals; Museums & Educational,,,,"Mysore Palace is the grand royal residence of the Wodeyar dynasty and a prime example of Indo-Saracenic architecture. The palace is adorned with intricate carvings, domes, and expansive halls, reflecting the opulence of the bygone era. It serves as the centerpiece of Mysuru’s famous Dasara festival celebrations. Millions of tourists visit annually to witness its majestic interiors and illuminated exterior at night.",,,
Mysuru,Chamundi Hill,Natural; Religious/Spiritual; Adventure/Outdoor,,,,"Chamundi Hill rises prominently above Mysuru and is a significant religious and historical landmark. It offers panoramic views of the city and is dotted with ancient temples and statues. The hill is named after the goddess Chamundi, who is worshiped for her protective powers. Pilgrims and tourists alike climb its 1,000 steps to reach the summit and seek blessings.",,,
Mysuru,Chamundeshwari Temple,Religious/Spiritual; Historical; Architectural,,,,"Chamundeshwari Temple, located at the top of Chamundi Hill, is dedicated to Goddess Chamundeshwari, an incarnation of Durga. The temple’s ornate carvings and gopuram showcase traditional Dravidian architecture. It has been an important pilgrimage site for centuries. Devotees visit to offer prayers and participate in annual festivities honoring the goddess.",,,
Mysuru,Mysore Zoo,Wildlife; Educational; Entertainment,,,,"Mysore Zoo, officially called Sri Chamarajendra Zoological Gardens, is one of the oldest and most well-maintained zoos in India. Established in 1892, it houses a wide variety of exotic and indigenous species. The zoo focuses on conservation, breeding, and education. Its lush gardens and enclosures provide a natural habitat for animals, attracting families and wildlife enthusiasts.",,,
Mysuru,St. Philomena’s Cathedral,Religious/Spiritual; Architectural; Historical,,,,"St. Philomena’s Cathedral is a striking Gothic-style church built in the 1930s in Mysuru. Its twin spires and stained glass windows depicting biblical scenes make it architecturally significant. The cathedral is dedicated to Saint Philomena, a revered Christian martyr. It remains an active place of worship and a popular tourist attraction.",,,
Mysuru,Brindavan Gardens,Natural; Relaxation; Entertainment; Events & Festivals,,,,"Brindavan Gardens, located near the Krishnarajasagara Dam, are known for their symmetrical layout and musical fountain shows. The gardens combine Mughal-style landscaping with natural beauty, featuring terraces, flowerbeds, and fountains. They have been a favorite spot for leisure and photography since their creation in the 1930s. Visitors enjoy evening illumination shows that highlight the gardens’ charm.",,,
Mysuru,Jaganmohan Palace,Historical; Architectural; Cultural; Museums & Educational,,,,"Jaganmohan Palace was built as a royal residence and is now an art gallery and museum. It houses exquisite paintings, artifacts, and traditional Mysuru handicrafts. The palace is known for its elegant architecture and ornate halls. It reflects the rich cultural and artistic heritage of the Wodeyar dynasty.",,,
Mysuru,Art Gallery,Cultural; Museums & Educational,,,,"The Art Gallery within Jaganmohan Palace showcases traditional and modern Indian art. It features works by renowned Mysuru and national artists, including oil paintings and murals. The gallery preserves centuries-old artistic traditions while promoting contemporary creativity. It is an important cultural hub for tourists and art enthusiasts.",,,
Mysuru,Rail Museum,Museums & Educational; Historical,,,,"Mysore Rail Museum exhibits vintage locomotives, carriages, and railway memorabilia from India’s colonial and post-independence eras. It provides insights into the history and development of Indian railways. The museum is interactive, making it educational and enjoyable for children and adults. It highlights the role of rail transport in the region’s economic and social growth.",,,
Mysuru,Karanji Lake,Natural; Adventure/Outdoor; Relaxation,,,,"Karanji Lake is an urban freshwater lake and bird sanctuary located in Mysuru. Surrounded by gardens and walking trails, it offers boating and serene natural views. The lake attracts migratory and resident birds, making it a popular spot for birdwatching. It provides a peaceful retreat from the city’s hustle while promoting conservation awareness.",,,
Mysuru,Butterfly Park,Natural; Wildlife; Educational,,,,"Butterfly Park, adjacent to Karanji Lake, is a controlled habitat for numerous butterfly species. It features lush greenery, flowering plants, and educational displays on butterfly life cycles. The park highlights biodiversity and the importance of pollinators in the ecosystem. Visitors enjoy observing colorful butterflies in a natural and protected environment.",,,
Mysuru,Lalitha Mahal Palace,Architectural; Historical; Luxury,,,,"Lalitha Mahal Palace, the second largest palace in Mysuru, was built to host European guests of the Wodeyars. Its white domes, grand staircases, and classical architecture reflect regal elegance. Today, it operates as a heritage hotel, allowing visitors to experience royal luxury. The palace is a symbol of Mysuru’s aristocratic past and architectural finesse.",,,
Mysuru,Ranganathittu Bird Sanctuary,Wildlife; Natural; Adventure/Outdoor; Relaxation,,,,"Ranganathittu Bird Sanctuary, located on the banks of the Kaveri River, is home to a variety of migratory and resident birds. Established in 1940, it provides nesting and feeding grounds for storks, pelicans, and kingfishers. The sanctuary is popular for boat safaris and birdwatching activities. It plays a vital role in regional biodiversity conservation.",,,
Coorg,Abbey Falls,Natural;Adventure/Outdoor;Relaxation,,,,"Abbey Falls is a beautiful waterfall located near Madikeri in Coorg, surrounded by coffee and spice plantations. The water cascades down a rocky cliff, creating a stunning natural scene, particularly during the monsoon season. It is a popular spot for tourists and photographers seeking picturesque views. The area around the falls is rich in flora and fauna, adding to its appeal.",,,
Coorg,Raja’s Seat,Natural;Relaxation;Cultural,,,,"Raja’s Seat is a scenic viewpoint in Madikeri that offers panoramic views of the Coorg hills and valleys. Historically, it served as a leisure spot for the kings of Coorg to enjoy sunsets. The gardens are adorned with vibrant flowers and a musical fountain. Today, it attracts visitors for its natural beauty and historical significance.",,,
Coorg,Dubare Elephant Camp,Wildlife;Adventure/Outdoor;Cultural,,,,"Dubare Elephant Camp is a wildlife center along the banks of the Cauvery River where visitors can interact with elephants. Guests can feed, bathe, and learn about elephant care and conservation. The camp serves both educational and recreational purposes. It highlights the cultural and ecological importance of elephants in the region.",,,
Coorg,Namdroling Monastery,Religious/Spiritual;Cultural;Architectural,,,,"Namdroling Monastery, also known as the Golden Temple, is a major Tibetan Buddhist center in Bylakuppe. Famous for its golden statues and vibrant prayer halls, it offers meditation, cultural experiences, and spiritual teachings. The monastery preserves Tibetan heritage and attracts devotees and tourists alike. Its architecture and spiritual ambiance are truly remarkable.",,,
Coorg,Nagarhole National Park,Wildlife;Adventure/Outdoor;Natural,,,,"Nagarhole National Park is a wildlife sanctuary known for its tigers, elephants, and rich biodiversity. Part of the Nilgiri Biosphere Reserve, it is ideal for jeep safaris and wildlife spotting. Visitors can explore the forest and observe animals in their natural habitat. The park plays a significant role in regional conservation and eco-tourism.",,,
Coorg,Talacauvery,Natural;Religious/Spiritual;Cultural,,,,"Talacauvery is considered the sacred origin of the river Cauvery, located atop Brahmagiri Hill in Coorg. Pilgrims visit the Cauvery Temple for ritual baths and worship. The site offers scenic views of surrounding hills and forests. Its spiritual and natural significance makes it a must-visit destination.",,,
Coorg,Iruppu Falls,Natural;Adventure/Outdoor;Religious/Spiritual,,,,"Iruppu Falls is a majestic waterfall in Coorg, set amidst dense forests of the Western Ghats. The falls hold mythological importance, as they are linked to Lord Rama. Visitors enjoy trekking, picnicking, and photography in the area. Its serene environment and natural beauty make it a popular attraction.",,,
Coorg,Coffee plantations,Cultural;Shopping & Culinary;Relaxation;Natural,,,,"Coorg’s coffee plantations are sprawling estates producing high-quality Arabica and Robusta beans. Visitors can tour the plantations, observe harvesting, and participate in coffee tasting. The estates form a vital part of Coorg’s economy and culture. They also enhance the scenic beauty of the region with lush greenery.",,,
Coorg,Madikeri Fort,Historical;Architectural;Cultural;Museums & Educational,,,,"Madikeri Fort, built in the 17th century, is a historic landmark in the heart of Madikeri. The fort houses temples and provides panoramic views of the surrounding hills. Its architecture reflects strategic planning and cultural heritage. It remains a significant tourist attraction in Coorg.",,,
Coorg,Omkareshwara Temple,Religious/Spiritual;Architectural;Cultural,,,,"Omkareshwara Temple is dedicated to Lord Shiva and features a blend of Gothic and Islamic architectural styles. Built in the 19th century, it includes tranquil ponds and intricate carvings. The temple is an important religious and historical site. It attracts both devotees and tourists for worship and sightseeing.",,,
Gokarna,Om Beach,Beach & Coastal;Natural;Relaxation;Adventure/Outdoor,,,,"Om Beach is a crescent-shaped beach in Gokarna, named for its resemblance to the sacred Hindu symbol ‘Om’. It is popular for its peaceful atmosphere, golden sands, and water activities. Pilgrims and tourists visit for relaxation and scenic views. Its natural beauty and spiritual vibe make it a unique coastal destination.",,,
Gokarna,Kudle Beach,Beach & Coastal;Natural;Relaxation;Adventure/Outdoor,,,,"Kudle Beach is a quiet, scenic beach near Gokarna, ideal for swimming, sunbathing, and yoga. The beach is less crowded, offering a serene environment for visitors. Coconut groves and small cafes add charm to the location. Its calm waters and picturesque surroundings make it perfect for leisure.",,,
Gokarna,Half Moon Beach,Beach & Coastal;Natural;Relaxation;Adventure/Outdoor,,,,"Half Moon Beach is a secluded crescent-shaped beach accessible by trekking or boat from Gokarna. Surrounded by cliffs and coconut groves, it offers privacy and natural beauty. It is ideal for picnics, camping, and photography. The beach attracts visitors seeking an adventurous and peaceful escape.",,,
Gokarna,Paradise Beach,Beach & Coastal;Natural;Relaxation;Adventure/Outdoor,,,,"Paradise Beach is a small, unspoiled beach near Gokarna known for its clear waters and tranquility. It is accessible via trekking or boat, making it a hidden gem. Visitors enjoy swimming, relaxing, and enjoying the untouched environment. Its secluded nature adds to its charm and serenity.",,,
Gokarna,Gokarna Main Beach,Beach & Coastal;Natural;Relaxation;Adventure/Outdoor,,,,Gokarna Main Beach is located near the town and is frequented by pilgrims and tourists alike. It offers views of the sunset and nearby temples. The beach is suitable for evening walks and local cultural experiences. Its proximity to the town makes it easily accessible for visitors.,,,
Gokarna,Mahabaleshwar Temple,Religious/Spiritual;Cultural;Architectural;Historical,,,,Mahabaleshwar Temple is an ancient Hindu temple dedicated to Lord Shiva. It has historical and religious significance in the Gokarna region. Pilgrims visit to offer prayers and participate in festivals. The temple’s architecture and serene surroundings enhance its spiritual ambiance.,,,
Gokarna,Mirjan Fort,Historical;Architectural;Cultural;Adventure/Outdoor,,,,"Mirjan Fort, built in the 16th century near Gokarna, served as a strategic coastal fortification. The fort is partially ruined but retains impressive stone walls and gateways. Surrounded by lush greenery and rivers, it provides scenic and historical interest. The fort reflects the region’s past military and maritime importance.",,,
Gokarna,Yana Caves,Natural;Adventure/Outdoor;Relaxation;Cultural;Historical,,,,"Yana Caves are unique karst limestone formations near Gokarna, famous for their towering black rocks. They are associated with legends from the Ramayana and attract pilgrims and adventurers. The caves offer trekking opportunities and natural exploration. Their dramatic landscape makes them a remarkable geological site.",,,
Jog Falls,"Raja, Rani, Rocket, Roarer Cascades",Natural;Adventure/Outdoor;Relaxation,,,,"These four waterfalls form Jog Falls, one of India’s highest and most spectacular waterfalls. Each cascade has its own unique flow and name, creating a breathtaking sight during the monsoon. The Sharavathi River feeds the falls, and the surrounding cliffs enhance the scenery. Visitors come for photography, sightseeing, and nature experiences.",,,
Jog Falls,Watkins Platform viewpoint,Natural;Adventure/Outdoor;Relaxation;Urban Exploration,,,,"Watkins Platform offers a panoramic view of Jog Falls and the surrounding landscape. Built during the British era, it serves as a prime vantage point for tourists. Visitors can capture the full grandeur of the four cascades from here. The platform combines historical significance with natural beauty.",,,
Jog Falls,Linganamakki Dam,Natural;Adventure/Outdoor;Relaxation;Historical,,,,Linganamakki Dam is built on the Sharavathi River and serves as a hydroelectric and irrigation project. It provides scenic views of the reservoir and forested hills around it. The dam is an engineering landmark and a popular stop for tourists visiting Jog Falls. It supports both regional development and recreational activities.,,,
Jog Falls,trekking trails,Adventure/Outdoor;Natural;Relaxation;Wildlife,,,,"The trekking trails around Jog Falls and the Western Ghats offer adventure amidst dense forests, cliffs, and river valleys. Hikers can explore scenic viewpoints, waterfalls, and diverse flora and fauna. The trails provide a mix of fitness, adventure, and natural beauty. Trekking here allows visitors to experience both the thrill and tranquility of the region.",,,
Badami,Cave Temples,Historical;Architectural;Religious/Spiritual;Cultural,,,,The Cave Temples in Badami are rock-cut monuments carved into sandstone cliffs during the 6th century. They are dedicated to Hindu deities like Shiva and Vishnu and feature intricate sculptures and detailed carvings. These temples are among the earliest examples of Chalukya architecture. Their artistic and religious significance makes them a major historical and tourist attraction.,,,
Badami,Agastya Lake,Natural;Relaxation;Adventure/Outdoor,,,,"Agastya Lake is a sacred artificial lake in Badami, surrounded by hills and ancient temples. Named after Sage Agastya, it is believed to have spiritual and religious importance. The lake is used for ritual bathing during festivals and ceremonies. Its serene environment attracts both pilgrims and tourists seeking scenic beauty and peace.",,,
Badami,Bhutanatha Temples,Religious/Spiritual;Architectural;Cultural;Historical,,,,"Bhutanatha Temples are a cluster of shrines near Agastya Lake dedicated to Lord Shiva in his Bhutanatha form. Built during the Chalukya period, they exhibit intricate carvings and classical stone architecture. The temples highlight the religious devotion and artistic excellence of early medieval Karnataka. Visitors appreciate both their spiritual and historical significance.",,,
Badami,Badami Fort,Historical;Architectural;Adventure/Outdoor;Cultural,,,,"Badami Fort is a historic hilltop fort constructed for defense and observation during the Chalukya era. The fort includes gateways, bastions, and ancient water reservoirs. It provides panoramic views of Badami town and the surrounding landscape. The fort represents the strategic and architectural ingenuity of the period.",,,
Aihole,Durga Temple,Historical;Architectural;Religious/Spiritual;Cultural,,,,Durga Temple in Aihole is an early Chalukyan structure known for its apsidal design and remarkable carvings. The temple combines Dravidian and Nagara architectural styles. It was an important center for worship and art during the 7th century. Its unique layout and detailed sculptures make it a highlight of Aihole’s heritage.,,,
Aihole,Lad Khan Temple,Religious/Spiritual;Architectural;Historical;Cultural,,,,"Lad Khan Temple is one of the oldest temples in Aihole, dedicated to Lord Shiva. Its simple yet robust architecture exemplifies early Chalukya style. The temple has a spacious mandapa and intricately carved pillars. It provides insight into the religious and architectural practices of the 7th century.",,,
Aihole,Meguti Jain Temple,Religious/Spiritual;Architectural;Historical;Cultural,,,,Meguti Jain Temple is a 7th-century temple dedicated to Jain Tirthankaras and is known for its detailed carvings and stone sanctum. It is one of the earliest examples of Jain architecture in Karnataka. The temple reflects the religious diversity and artistic sophistication of the Chalukya era. It remains a key site for heritage tourism and historical study.,,,
Pattadakal,Virupaksha Temple,Religious/Spiritual; Historical; Architectural; Cultural,6:00 AM,1:00 PM & 5:00 PM to 9:00 PM,2-3 hours,"Virupaksha Temple is one of the oldest functioning temples in India, dedicated to Lord Shiva. It has been a major pilgrimage site since the 7th century and showcases stunning Vijayanagara architecture. The towering gopuram and intricate carvings reflect the region’s rich cultural heritage. The temple continues to attract devotees and tourists alike, preserving its spiritual and historical significance.",,,
Pattadakal,Mallikarjuna Temple,Religious/Spiritual;Architectural;Historical;Cultural,,,,"Mallikarjuna Temple is a Dravidian-style Chalukyan temple dedicated to Lord Shiva. It features intricately carved pillars, ornate sculptures, and a spacious sanctum. Built during the 8th century, it reflects both devotion and artistic excellence. Visitors admire its detailed craftsmanship and historical significance.",,,
Pattadakal,Papanatha Temple,Religious/Spiritual;Architectural;Historical;Cultural,,,,"Papanatha Temple is a distinctive Chalukyan temple dedicated to Lord Shiva, combining Dravidian and Nagara architectural styles. Its finely carved pillars and decorative motifs showcase the skill of 8th-century artisans. The temple holds historical and architectural importance as an example of Chalukyan experimentation. Tourists appreciate its artistry and cultural value.",,,
Pattadakal,Jain Temple,Religious/Spiritual;Architectural;Historical;Cultural,,,,The Jain Temple in Pattadakal exemplifies early medieval Jain architecture with carved pillars and sculptures of Tirthankaras. It has a modest yet elegant sanctum and detailed stonework. The temple highlights the religious diversity and architectural excellence of the Chalukya period. It remains a significant site for both devotees and heritage enthusiasts.,,,
Chikkamagaluru,Mullayanagiri Peak,Natural;Adventure/Outdoor;Relaxation,,,,"Mullayanagiri Peak is the highest peak in Karnataka, located in Chikkamagaluru. It offers panoramic views of the Western Ghats and lush valleys below. Trekkers and nature enthusiasts visit for its serene environment and challenging trails. The peak is dotted with small temples and religious spots, adding cultural significance.",,,
Chikkamagaluru,Baba Budangiri Hills,Natural;Adventure/Outdoor;Religious/Spiritual;Relaxation,,,,"Baba Budangiri Hills are a sacred and scenic range in Chikkamagaluru, famous for Sufi shrines and coffee plantations. The hills are named after the Sufi saint Baba Budan and attract pilgrims and tourists alike. Waterfalls and trekking paths make it an adventurous destination. The region combines spirituality with natural beauty and biodiversity.",,,
Chikkamagaluru,Kudremukh National Park,Wildlife;Natural;Adventure/Outdoor;Relaxation,,,,"Kudremukh National Park is a UNESCO-recognized biodiversity hotspot in Chikkamagaluru. It is home to endangered species like tigers, leopards, and elephants. Rolling hills, rivers, and dense forests make it ideal for wildlife enthusiasts and eco-tourists. The park reflects the ecological richness of the Western Ghats.",,,
Chikkamagaluru,Hebbe Falls,Natural;Adventure/Outdoor;Relaxation,,,,"Hebbe Falls is a spectacular waterfall in Chikkamagaluru, cascading through coffee estates and forests. It is accessible via trekking or jeep rides, providing an adventurous experience. The waterfall is surrounded by lush greenery and misty landscapes. Hebbe Falls is a popular spot for photography and nature exploration.",,,
Chikkamagaluru,Bhadra Wildlife Sanctuary,Wildlife;Natural;Adventure/Outdoor,,,,"Bhadra Wildlife Sanctuary is a protected area in Chikkamagaluru, known for tigers, leopards, and various bird species. It offers jeep safaris and guided tours to explore its rich biodiversity. The sanctuary plays a vital role in wildlife conservation. Visitors enjoy the serene environment and abundant flora and fauna.",,,
Chikkamagaluru,Hirekolale Lake,Natural;Relaxation;Adventure/Outdoor,,,,"Hirekolale Lake is a scenic man-made lake near Chikkamagaluru, offering tranquil views of the surrounding hills. It is a popular spot for photography, picnics, and sunset views. The lake is surrounded by coffee estates and misty landscapes. Its calm waters and peaceful ambiance attract both locals and tourists.",,,
Chikkamagaluru,Coffee estates,Cultural;Shopping & Culinary;Relaxation;Natural,,,,"Chikkamagaluru is famous for its sprawling coffee estates, producing high-quality Arabica and Robusta beans. Visitors can tour plantations, witness the harvesting process, and participate in coffee tasting. The estates contribute to the region’s economy and cultural identity. They also add scenic charm with lush greenery and well-maintained landscapes.",,,
Kabini & Bandipur,Kabini River,Natural;Relaxation;Adventure/Outdoor,,,,"The Kabini River flows through Karnataka’s wildlife reserves, providing a lifeline for diverse flora and fauna. It is ideal for boat rides and coracle experiences, giving visitors a close view of aquatic life. The river banks are home to elephants, birds, and other wildlife. It plays a key role in the ecology of Kabini and Nagarhole regions.",,,
Kabini & Bandipur,Backwaters Safari,Wildlife;Adventure/Outdoor;Relaxation;Natural,,,,"Backwaters safaris in Kabini allow visitors to explore the serene river ecosystem and spot wildlife along the banks. These safaris provide opportunities to see elephants, deer, and numerous bird species. The experience combines adventure with nature observation. It is especially popular during the dry season when animals gather near the river.",,,
Kabini & Bandipur,Nagarhole National Park Safari,Wildlife;Adventure/Outdoor;Natural,,,,"The Nagarhole National Park Safari is a premier wildlife experience in Karnataka. The park is home to tigers, leopards, elephants, and a rich variety of birds. Guided jeep safaris allow visitors to explore dense forests and scenic trails. It is a must-visit for wildlife enthusiasts and photographers.",,,
Kabini & Bandipur,Bandipur Tiger Reserve Safari,Wildlife;Adventure/Outdoor;Natural,,,,"Bandipur Tiger Reserve Safari offers close encounters with tigers, elephants, and other wildlife in their natural habitat. The reserve is a crucial conservation area in the Western Ghats. Visitors can enjoy jeep safaris and nature trails. Bandipur combines adventure with ecological education and biodiversity awareness.",,,
Kabini & Bandipur,Elephant sightings,Wildlife;Adventure/Outdoor;Natural,,,,Kabini and Bandipur are famous for elephant sightings along riverbanks and forest trails. Elephants play a vital role in the local ecosystem. Observing them in the wild provides an unforgettable wildlife experience. Many lodges and safaris are designed to enhance these sightings safely.,,,
Kabini & Bandipur,Bird watching,Wildlife;Adventure/Outdoor;Natural,,,,"The Kabini and Bandipur regions are a paradise for bird watchers, with numerous migratory and resident species. Early morning safaris or treks allow spotting kingfishers, egrets, and raptors. The diverse habitats of forests, lakes, and grasslands support rich avian biodiversity. Birdwatching here combines recreation with wildlife appreciation.",,,
Kabini & Bandipur,Jungle lodges,Relaxation;Luxury;Adventure/Outdoor;Wildlife,,,,"Jungle lodges in Kabini and Bandipur offer comfortable accommodation amidst wildlife and natural beauty. They provide guided safaris, nature walks, and eco-friendly stays. Staying in these lodges allows visitors to experience forest life closely. They enhance eco-tourism and promote conservation awareness.",,,
Udupi,Sri Krishna Temple,Religious/Spiritual;Architectural;Cultural,,,,"Sri Krishna Temple is a famous pilgrimage site in Udupi dedicated to Lord Krishna. The temple is centuries old and known for its unique idol and daily rituals. It has cultural and religious significance, attracting devotees from all over India. The temple complex also supports festivals and traditional music performances.",,,
Udupi,Malpe Beach,Beach & Coastal;Natural;Relaxation;Adventure/Outdoor,,,,"Malpe Beach is a popular coastal destination near Udupi, known for golden sands and water sports. Visitors enjoy boating, beach walks, and seafood along the shore. The beach is also a gateway to St. Mary’s Island. Its relaxed atmosphere and scenic views make it a favorite for tourists and locals alike.",,,
Udupi,St. Mary’s Island,Natural;Beach & Coastal;Relaxation;Adventure/Outdoor,,,,"St. Mary’s Island is a small island off Udupi, famous for its unique basalt rock formations and pristine beaches. Accessible by boat from Malpe, it provides a serene escape into nature. The island is historically linked to Portuguese sailors and local legends. Visitors come for sightseeing, photography, and picnicking.",,,
Udupi,Kaup Beach,Beach & Coastal;Natural;Relaxation;Adventure/Outdoor,,,,"Kaup Beach is a tranquil coastal spot near Udupi with a lighthouse offering panoramic views. The beach is ideal for relaxing walks, photography, and enjoying sunsets. It has historical significance due to its lighthouse built during the British period. The serene environment makes it a peaceful getaway.",,,
Udupi,Lighthouse,Architectural;Cultural;Adventure/Outdoor;Urban Exploration,,,,"The Kaup Lighthouse is a historic structure overlooking the Arabian Sea. It guides ships along the coast and offers tourists panoramic sea views. The lighthouse is surrounded by scenic beaches and coconut groves. It is a notable landmark combining utility, history, and tourism appeal.",,,
Udupi,Pajaka Kshetra,Religious/Spiritual;Cultural;Natural,,,,"Pajaka Kshetra is the birthplace of Sri Madhvacharya, the founder of the Dvaita philosophy. The site has temples and sacred spots commemorating his life and teachings. Pilgrims visit for spiritual reflection and rituals. It holds immense religious and cultural importance in Udupi.",,,
Udupi,Manipal,Urban Exploration;Cultural;Relaxation;Museums & Educational,,,,"Manipal is a vibrant town near Udupi known for its educational institutions and modern infrastructure. It attracts students, tourists, and health seekers alike. The town combines contemporary urban life with proximity to natural attractions. Its educational and cultural significance makes it a notable destination in Karnataka.",,,
Mumbai,Gateway of India,Historical;Architectural;Cultural;Urban Exploration,,,,"The Gateway of India is an iconic monument in Mumbai, built in 1924 to commemorate the visit of King George V and Queen Mary. Overlooking the Arabian Sea, it blends Hindu and Islamic architectural styles. The gateway has historical significance as the ceremonial entrance for British officials and dignitaries. Today, it is a major tourist attraction and a hub for boat rides to Elephanta Island.",,,
Mumbai,Marine Drive,Urban Exploration;Relaxation;Beach & Coastal,,,,"Marine Drive is a picturesque promenade along the Mumbai coastline, popularly called the “Queen’s Necklace” due to its night-time illumination. It offers stunning views of the Arabian Sea and the city skyline. The area is perfect for evening strolls, photography, and relaxation. Marine Drive is a symbol of Mumbai’s cosmopolitan charm and vibrant city life.",,,
Mumbai,Elephanta Caves,Historical;Architectural;Cultural,,,,"Elephanta Caves are a UNESCO World Heritage site located on Elephanta Island near Mumbai. The rock-cut caves date back to the 5th–8th centuries and are dedicated to Lord Shiva. The intricate sculptures and carvings showcase ancient Indian art and architecture. The caves are accessible by ferry from the Gateway of India, attracting both pilgrims and tourists.",,,
Mumbai,Chhatrapati Shivaji Maharaj Terminus,Historical;Architectural;Cultural;Urban Exploration,,,,"Chhatrapati Shivaji Maharaj Terminus (CSMT) is a historic railway station in Mumbai and a UNESCO World Heritage site. Built in 1887, it features Gothic Revival architecture with detailed stone carvings and domes. The station is a major hub for local and long-distance trains. Its grandeur reflects Mumbai’s colonial history and engineering excellence.",,,
Mumbai,Colaba Causeway Market,Shopping & Culinary;Urban Exploration;Cultural,,,,"Colaba Causeway Market is a bustling shopping street in South Mumbai, famous for fashion, accessories, and handicrafts. It attracts locals and tourists seeking souvenirs, jewelry, and trendy items. The street is lined with cafes and restaurants offering a lively shopping experience. Colaba Causeway reflects the vibrant commercial and cultural life of Mumbai.",,,
Mumbai,Chowpatty Beach,Beach & Coastal;Relaxation;Entertainment,,,,"Chowpatty Beach is a popular urban beach in Mumbai, known for its lively atmosphere and street food stalls. It is famous for evening gatherings, Ganesh Chaturthi celebrations, and beachside activities. Visitors enjoy strolling along the shore and sampling local delicacies. The beach is an integral part of Mumbai’s social and cultural scene.",,,
Mumbai,Siddhivinayak Temple,Religious/Spiritual;Cultural;Architectural,,,,"Siddhivinayak Temple is a revered Hindu temple dedicated to Lord Ganesha, located in Prabhadevi, Mumbai. Built in 1801, it attracts devotees seeking blessings for prosperity and success. The temple is known for its elaborate rituals and festivals, especially Ganesh Chaturthi. It is both a spiritual and architectural landmark in the city.",,,
Mumbai,Haji Ali Dargah,Religious/Spiritual;Architectural;Cultural,,,,"Haji Ali Dargah is a mosque and tomb located on an islet off the coast of Mumbai. Built in the 15th century, it honors the Sufi saint Haji Ali Shah Bukhari. Accessible via a causeway during low tide, it is a symbol of faith and Mumbai’s multicultural heritage. The structure’s Indo-Islamic architecture and sea views make it a popular pilgrimage and tourist spot.",,,
Mumbai,Hanging Gardens,Relaxation;Urban Exploration;Natural,,,,"Hanging Gardens, also known as Pherozeshah Mehta Gardens, are terraced gardens on Malabar Hill in Mumbai. They feature geometric hedges, flowerbeds, and water fountains, offering panoramic views of the city and sunset. The gardens provide a peaceful retreat amidst urban life. They are popular with families, joggers, and photographers.",,,
Mumbai,Juhu Beach,Beach & Coastal;Relaxation;Entertainment,,,,"Juhu Beach is one of Mumbai’s most famous beaches, known for its wide shoreline and vibrant street food scene. Visitors enjoy evening walks, kite flying, and local delicacies like bhel puri and pani puri. It is a hub for socializing and recreational activities. Juhu Beach reflects the lively spirit and coastal charm of Mumbai.",,,
Mumbai,Sanjay Gandhi National Park,Natural;Wildlife;Adventure/Outdoor,,,,"Sanjay Gandhi National Park is a large protected area within Mumbai, rich in flora, fauna, and historical structures. It is home to leopards, deer, and a variety of bird species. The park offers trekking, safari rides, and access to the ancient Kanheri Caves. It serves as a natural escape from the bustling city, promoting conservation and recreation.",,,
Mumbai,Kanheri Caves,Historical;Religious/Spiritual;Architectural;Natural,,,,"Kanheri Caves are a group of rock-cut Buddhist monuments located inside Sanjay Gandhi National Park. Dating from the 1st century BCE to the 10th century CE, the caves contain intricate carvings, stupas, and prayer halls. They provide insight into ancient Buddhist art, architecture, and monastic life. The caves are a peaceful and educational destination for visitors.",,,
Mumbai,Film City,Entertainment;Adventure/Outdoor;Cultural,,,,"Film City, also called Dadasaheb Phalke Chitra Nagari, is a sprawling film studio complex in Mumbai. Established in 1977, it serves as a hub for Bollywood and regional film production. Visitors can take guided tours to explore sets, backlots, and production facilities. Film City highlights Mumbai’s status as the epicenter of India’s entertainment industry.",,,
Ajanta & Ellora Caves,Ajanta Caves,Historical;Architectural;Cultural;Religious/Spiritual,,,,"Ajanta Caves are a group of 30 rock-cut Buddhist monuments dating from the 2nd century BCE to 480 CE. They are renowned for their intricate murals, frescoes, and sculptures depicting the life of Buddha. The caves served as monastic retreats and centers for meditation and learning. Today, they are a UNESCO World Heritage site attracting tourists and historians worldwide.",,,
Ajanta & Ellora Caves,Ellora Caves,Historical;Architectural;Cultural;Religious/Spiritual,,,,"Ellora Caves are a remarkable complex of 34 rock-cut monuments representing Buddhist, Hindu, and Jain traditions. Carved between the 6th and 10th centuries, they showcase architectural and artistic brilliance. The site includes monasteries, temples, and intricate sculptures. Ellora exemplifies religious harmony and the skill of ancient Indian artisans.",,,
Ajanta & Ellora Caves,Kailasa Temple,Religious/Spiritual;Historical;Architectural;Cultural,,,,Kailasa Temple at Ellora is a massive monolithic rock-cut temple dedicated to Lord Shiva. It was carved from a single rock and is considered one of the largest monolithic structures in the world. The temple features elaborate sculptures and detailed reliefs. Its engineering and artistic excellence make it a marvel of ancient Indian architecture.,,,
Ajanta & Ellora Caves,Grishneshwar Temple,Religious/Spiritual;Architectural;Cultural;Historical,,,,"Grishneshwar Temple is one of the twelve Jyotirlinga shrines of Lord Shiva, located near Ellora. It was rebuilt in the 18th century but preserves its historical and spiritual significance. The temple’s architecture is a fine example of Maratha style with carved pillars and sanctum. It attracts devotees and tourists for both its religious importance and aesthetic appeal.",,,
Ajanta & Ellora Caves,Aurangabad Caves,Historical;Architectural;Religious/Spiritual;Cultural,,,,"Aurangabad Caves are a group of 12 rock-cut Buddhist shrines dating back to the 6th–8th centuries. They feature intricate sculptures, stupas, and carved panels depicting Buddhist themes and teachings. The caves served as meditation centers and retreats for monks. Their elevated location provides panoramic views and adds to their historical and spiritual significance.",,,
Ajanta & Ellora Caves,Bibi ka Maqbara,Historical;Architectural;Cultural;Religious/Spiritual,,,,"Bibi ka Maqbara is a 17th-century mausoleum built by Azam Shah in memory of his mother, earning it the nickname “Taj of the Deccan.” Its architecture resembles the Taj Mahal with elegant domes, minarets, and landscaped gardens. The monument showcases Mughal design and craftsmanship in the Deccan region. It remains a significant cultural and historical landmark in Aurangabad.",,,
Ajanta & Ellora Caves,Daulatabad Fort,Historical;Architectural;Adventure/Outdoor;Cultural,,,,"Daulatabad Fort, also known as Devagiri Fort, is a hill fort built in the 12th century with strategic defensive architecture. Its massive walls, moats, and steep inclines made it virtually impregnable. The fort has witnessed numerous historical battles and changes in rule. Visitors explore its fortifications and enjoy panoramic views of the surrounding landscape.",,,
Mahabaleshwar,Arthur’s Seat,Natural;Adventure/Outdoor;Relaxation,,,,"Arthur’s Seat is a famous viewpoint in Mahabaleshwar, offering panoramic views of the surrounding valleys and the Savitri River. The spot is named after a British officer who frequently visited it. It is popular among tourists for sunrise and sunset views. The location combines natural beauty with a serene atmosphere for visitors.",,,
Mahabaleshwar,Venna Lake,Natural;Relaxation;Adventure/Outdoor;Entertainment,,,,"Venna Lake is a picturesque lake in Mahabaleshwar, surrounded by lush greenery and boating facilities. It was developed during the British era and is now a popular recreational spot. Visitors enjoy paddle boating, horse riding, and lakeside walks. The lake adds charm to Mahabaleshwar’s tourist experience.",,,
Mahabaleshwar,Mapro Garden,Cultural;Shopping & Culinary;Relaxation,,,,"Mapro Garden is a well-known garden and food park in Mahabaleshwar, famous for its strawberry produce and products. It features beautiful landscaped gardens, fruit orchards, and a café serving local delicacies. The garden attracts families and tourists seeking fresh produce and scenic relaxation. It reflects the region’s agricultural and culinary heritage.",,,
Mahabaleshwar,Elephant’s Head Point,Natural;Adventure/Outdoor;Relaxation,,,,"Elephant’s Head Point is a scenic viewpoint in Mahabaleshwar, named for its rock formation resembling an elephant’s head. It offers spectacular views of the Sahyadri hills and valleys below. The spot is ideal for photography and sightseeing. Its unique natural formation adds to Mahabaleshwar’s charm.",,,
Mahabaleshwar,Wilson Point,Natural;Relaxation;Adventure/Outdoor,,,,"Wilson Point, also known as Sunrise Point, is the highest point in Mahabaleshwar. Tourists visit early in the morning to witness breathtaking sunrises over the Western Ghats. The location provides panoramic views of hills, valleys, and forests. It is a serene spot for nature lovers and photographers.",,,
Mahabaleshwar,Lingmala Waterfall,Natural;Adventure/Outdoor;Relaxation,,,,"Lingmala Waterfall is a scenic waterfall near Mahabaleshwar, surrounded by lush greenery and forested hills. The waterfall is seasonal, with maximum flow during the monsoon. It is a popular spot for trekking, photography, and nature appreciation. Its misty ambiance adds to the beauty of Mahabaleshwar.",,,
Mahabaleshwar,Pratapgad Fort,Historical;Architectural;Adventure/Outdoor;Cultural,,,,"Pratapgad Fort is a historic hill fort near Mahabaleshwar, famous for the battle between Shivaji Maharaj and Afzal Khan. Built in the 17th century, it features strategic fortifications and panoramic views of the Sahyadri mountains. The fort holds historical and cultural significance. Visitors can explore its battlements and enjoy scenic vistas.",,,
Mahabaleshwar,Kate’s Point,Natural;Relaxation;Adventure/Outdoor,,,,"Kate’s Point is a viewpoint in Mahabaleshwar offering stunning views of the Dhom Dam and surrounding valleys. It is named after a British officer and is a popular tourist spot. The location is ideal for photography, picnics, and relaxation. Its elevated position provides sweeping views of the Western Ghats.",,,
Mahabaleshwar,Needle Hole Point,Natural;Relaxation;Adventure/Outdoor,,,,Needle Hole Point is a cliff in Mahabaleshwar with a natural rock formation resembling a needle hole. It offers breathtaking views of the surrounding valleys and Sahyadri ranges. Tourists enjoy trekking and sightseeing here. The viewpoint is a favorite for adventure and nature enthusiasts.,,,
Lonavala & Khandala,Bhushi Dam,Natural;Adventure/Outdoor;Relaxation,,,,"Bhushi Dam is a popular tourist spot near Lonavala, known for its scenic setting and flowing water during the monsoon. The dam area attracts picnickers and adventure seekers. Visitors often enjoy wading through shallow waters and photography. Its lush surroundings make it a refreshing escape from city life.",,,
Lonavala & Khandala,Tiger’s Leap,Natural;Adventure/Outdoor;Relaxation,,,,"Tiger’s Leap is a cliff-top viewpoint near Lonavala offering panoramic views of valleys and waterfalls. Its sheer drop resembles a leaping tiger, giving the spot its name. The location is ideal for sunrise and sunset views. Tourists visit for trekking, photography, and natural beauty.",,,
Lonavala & Khandala,Rajmachi Fort,Historical;Architectural;Adventure/Outdoor;Cultural,,,,"Rajmachi Fort is a historic hill fort near Lonavala, known for its strategic location and trekking trails. Built during the medieval era, it played a key role in Maratha military history. The fort complex includes fortifications, watchtowers, and scenic viewpoints. It is a favorite destination for trekkers and history enthusiasts.",,,
Lonavala & Khandala,Karla Caves,Historical;Architectural;Religious/Spiritual;Cultural,,,,"Karla Caves are ancient rock-cut Buddhist monasteries near Lonavala, dating back to the 2nd century BCE. They feature chaityas, viharas, and intricately carved facades. The caves reflect Buddhist architectural and religious traditions. Tourists and historians visit to explore the historical and spiritual significance.",,,
Lonavala & Khandala,Bhaja Caves,Historical;Architectural;Religious/Spiritual;Cultural,,,,"Bhaja Caves are a group of 22 rock-cut Buddhist caves near Lonavala, dating from the 2nd century BCE. The caves feature stupas, chaityas, and detailed carvings. They served as monastic retreats and centers for meditation. The caves are significant for their historical, architectural, and religious importance.",,,
Lonavala & Khandala,Lohagad Fort,Historical;Architectural;Adventure/Outdoor;Cultural,,,,"Lohagad Fort is a hill fort near Lonavala, famous for its strong fortifications and trekking paths. Built by the Marathas, it offers panoramic views of the Western Ghats. The fort has historical significance and attracts history enthusiasts and trekkers alike. Its scenic surroundings add to its appeal.",,,
Lonavala & Khandala,Duke’s Nose,Natural;Adventure/Outdoor;Relaxation,,,,Duke’s Nose is a cliff near Lonavala resembling the profile of a duke’s nose. It offers adventure activities such as trekking and rappelling. The viewpoint provides spectacular vistas of valleys and waterfalls. It is a popular destination for nature lovers and adventure seekers.,,,
Lonavala & Khandala,Pawna Lake,Natural;Adventure/Outdoor;Relaxation,,,,"Pawna Lake is a serene artificial reservoir near Lonavala, popular for camping and water-based recreation. Surrounded by hills and lush greenery, it is an ideal spot for picnics and relaxation. The lake attracts tourists seeking tranquility and scenic beauty. Its calm waters and natural surroundings make it a favored getaway.",,,
Aurangabad,Aurangabad Caves,Historical;Architectural;Religious/Spiritual;Cultural,,,,"Aurangabad Caves are a group of 12 rock-cut Buddhist shrines dating back to the 6th–8th centuries. They feature intricate sculptures, stupas, and carved panels depicting Buddhist themes and teachings. The caves served as meditation centers and retreats for monks. Their elevated location provides panoramic views and adds to their historical and spiritual significance.",,,
Aurangabad,Bibi ka Maqbara,Historical;Architectural;Cultural;Religious/Spiritual,,,,"Bibi ka Maqbara is a 17th-century mausoleum built by Azam Shah in memory of his mother, earning it the nickname “Taj of the Deccan.” Its architecture resembles the Taj Mahal with elegant domes, minarets, and landscaped gardens. The monument showcases Mughal design and craftsmanship in the Deccan region. It remains a significant cultural and historical landmark in Aurangabad.",,,
Aurangabad,Daulatabad Fort,Historical;Architectural;Adventure/Outdoor;Cultural,,,,"Daulatabad Fort, also known as Devagiri Fort, is a hill fort built in the 12th century with strategic defensive architecture. Its massive walls, moats, and steep inclines made it virtually impregnable. The fort has witnessed numerous historical battles and changes in rule. Visitors explore its fortifications and enjoy panoramic views of the surrounding landscape.",,,
Aurangabad,Panchakki,Historical;Architectural;Cultural;Religious/Spiritual,,,,"Panchakki is a 17th-century water mill in Aurangabad, historically used to grind grains for pilgrims and the local community. It features an ingenious water supply system and beautiful Mughal-style architecture. The site includes gardens, a mosque, and a reservoir. Panchakki reflects the blend of utility, engineering, and spiritual significance of the era.",,,
Aurangabad,Soneri Mahal,Historical;Architectural;Cultural;Luxury,,,,"Soneri Mahal, meaning “Golden Palace,” is a 17th-century royal residence in Aurangabad. Built during the Mughal period, it features intricate floral motifs and Persian-style architectural elements. The palace served as a private residence for the royal family. Today, it is a heritage site attracting visitors for its beauty and historical importance.",,,
Shirdi,Shri Sai Baba Samadhi Mandir,Religious/Spiritual;Cultural;Architectural;Events & Festivals,,,,"Shri Sai Baba Samadhi Mandir in Shirdi marks the resting place of the revered saint Sai Baba. Built in the late 19th century, it is a focal point for devotion and pilgrimage. The temple complex includes a sacred sanctum and facilities for devotees. It attracts millions annually for spiritual solace and blessings.",,,
Shirdi,Dwarkamai Mosque,Religious/Spiritual;Architectural;Cultural,,,,Dwarkamai Mosque is a historic mosque in Shirdi where Sai Baba spent a significant part of his life. It is a simple yet spiritually significant structure with daily rituals and teachings conducted here. The mosque represents Sai Baba’s inclusive philosophy and devotion. Pilgrims visit to experience his life and teachings firsthand.,,,
Shirdi,Gurusthan,Religious/Spiritual;Cultural;Architectural,,,,"Gurusthan is the sacred spot in Shirdi where Sai Baba was first found as a young boy sitting under a neem tree. It has immense religious significance for devotees. A small temple marks the site, drawing pilgrims who offer prayers and flowers. It represents the spiritual origins of Sai Baba’s life and teachings.",,,
Shirdi,Chavadi,Religious/Spiritual;Cultural;Architectural;Events & Festivals,,,,"Chavadi is a historic building in Shirdi where Sai Baba spent alternate nights, following a specific routine of worship and meditation. It now serves as a site of devotion and remembrance. Pilgrims visit to honor Sai Baba’s practices and daily life. The place reflects his disciplined and spiritual lifestyle.",,,
Shirdi,Sai Heritage Village,Cultural;Religious/Spiritual;Museums & Educational;Architectural,,,,"Sai Heritage Village is a cultural and educational complex in Shirdi showcasing the life, teachings, and miracles of Sai Baba. The site includes replicas, exhibits, and multimedia displays. Visitors gain insights into his philosophy, history, and local traditions. It enhances the spiritual and cultural experience of the pilgrimage.",,,
Alibaug,Alibaug Beach,Beach & Coastal;Relaxation;Adventure/Outdoor,,,,"Alibaug Beach is a popular coastal destination known for its scenic beauty, soft sands, and relaxed atmosphere. Visitors enjoy swimming, beach walks, and water sports. The beach is lined with local shacks serving seafood and refreshments. It attracts tourists seeking a peaceful seaside retreat near Mumbai.",,,
Alibaug,Kolaba Fort,Historical;Architectural;Cultural;Adventure/Outdoor,,,,"Kolaba Fort is a historic sea fort located off the coast of Alibaug. Built during the 17th century by Shivaji Maharaj, it features bastions, cannons, and strategic fortifications. Accessible during low tide on foot, the fort offers panoramic views of the Arabian Sea. It is a significant landmark of Maratha naval history.",,,
Alibaug,Nagaon Beach,Beach & Coastal;Relaxation;Adventure/Outdoor,,,,"Nagaon Beach is a serene beach near Alibaug, popular for water sports and family outings. Its shallow waters and clean sands make it ideal for swimming and beach activities. The surrounding greenery and coconut groves add to its charm. It is a favored spot for tourists seeking relaxation and adventure.",,,
Alibaug,Kashid Beach,Beach & Coastal;Relaxation;Adventure/Outdoor,,,,"Kashid Beach is a pristine coastal destination in Raigad district, known for its white sands and clear waters. It is less crowded, making it perfect for peaceful retreats, picnics, and photography. Nearby attractions include small forts and temples. The beach is a scenic example of Maharashtra’s coastal beauty.",,,
Alibaug,Murud-Janjira Fort,Historical;Architectural;Cultural;Adventure/Outdoor,,,,"Murud-Janjira Fort is a formidable sea fort built on an island near Murud village. Constructed in the 15th century, it remained unconquered despite numerous attacks. The fort features strong walls, bastions, and cannons overlooking the Arabian Sea. It is a popular historical and tourist attraction showcasing maritime defense architecture.",,,
Alibaug,Varsoli Beach,Beach & Coastal;Relaxation;Adventure/Outdoor,,,,"Varsoli Beach is a quiet beach near Alibaug, surrounded by lush greenery and casuarina trees. It is ideal for swimming, relaxing, and enjoying beachside picnics. The serene ambiance makes it less crowded than other nearby beaches. Varsoli offers a peaceful coastal experience for nature lovers and families alike.",,,
Matheran,Charlotte Lake,Natural;Relaxation;Adventure/Outdoor,,,,"Charlotte Lake is a serene waterbody near Panchgani, surrounded by lush hills and greenery. It was constructed during the British era and serves as a major source of water for the region. Visitors enjoy boating, picnics, and scenic walks along its banks. The lake’s tranquil environment makes it a peaceful retreat in the Western Ghats.",,,
Matheran,Panorama Point,Natural;Adventure/Outdoor;Relaxation,,,,"Panorama Point is a famous viewpoint in Panchgani offering breathtaking 360-degree views of valleys, hills, and the Krishna River. It is a popular spot for sunrise and sunset photography. The point is easily accessible and attracts tourists and nature enthusiasts. Its elevated location provides a panoramic experience of the surrounding landscapes.",,,
Matheran,Echo Point,Natural;Adventure/Outdoor;Relaxation,,,,"Echo Point in Panchgani is known for its natural echo phenomenon, where voices and sounds reverberate across the valley. It is surrounded by verdant hills and open fields, making it perfect for picnics. Visitors enjoy shouting or singing to hear their echo repeated. The location adds a fun and unique experience to Panchgani’s attractions.",,,
Matheran,Louisa Point,Natural;Adventure/Outdoor;Relaxation,,,,"Louisa Point is a scenic viewpoint in Panchgani, named after a British lady, offering stunning vistas of the Dhom Dam and surrounding valleys. It is popular for photography and leisurely sightseeing. The point is surrounded by dense greenery and serene landscapes. Tourists enjoy the panoramic views and peaceful environment.",,,
Matheran,One Tree Hill Point,Natural;Adventure/Outdoor;Relaxation,,,,"One Tree Hill Point is a quiet, scenic spot in Panchgani, named after a solitary tree atop the hill. It offers panoramic views of the valley and distant hills. The point is ideal for morning walks, photography, and picnics. Its calm surroundings make it a favored spot for nature lovers.",,,
Matheran,Toy Train,Adventure/Outdoor;Entertainment;Urban Exploration;Relaxation,,,,"The Toy Train in Matheran is a narrow-gauge heritage railway connecting Neral to Matheran, offering a scenic journey through the Western Ghats. Established during the British era, it passes through tunnels, bridges, and lush green hills, giving passengers a nostalgic experience. The train is known for its slow-paced ride, allowing travelers to enjoy panoramic views of forests, valleys, and waterfalls. It is a popular attraction for tourists seeking both adventure and a glimpse of colonial-era engineering.",,,
Pune,Shaniwar Wada,Historical;Architectural;Cultural;Museums & Educational,,,,"Shaniwar Wada is a historic fortification in Pune, built in the 18th century as the seat of the Peshwas of the Maratha Empire. It features grand gates, intricate architecture, and sprawling gardens. The fort witnessed key events in Maratha history, including battles and political intrigues. Today, it is a major tourist and heritage site, especially famous for its evening light-and-sound shows.",,,
Pune,Aga Khan Palace,Historical;Architectural;Cultural;Museums & Educational,,,,"Aga Khan Palace in Pune is a majestic building constructed in 1892, known for its association with Mahatma Gandhi. Gandhi and his followers were imprisoned here during the freedom struggle. The palace features expansive lawns, elegant architecture, and a museum documenting India’s independence movement. It is a site of historical and cultural significance.",,,
Pune,Pataleshwar Cave Temple,Religious/Spiritual;Architectural;Historical;Cultural,,,,"Pataleshwar Cave Temple is an 8th-century rock-cut temple dedicated to Lord Shiva, located in Pune. It features a monolithic linga and intricately carved pillars. The temple was used for meditation and worship by ancient devotees. Its historical and architectural significance attracts both pilgrims and tourists.",,,
Pune,Sinhagad Fort,Historical;Adventure/Outdoor;Cultural;Natural,,,,"Sinhagad Fort is a hill fortress near Pune, known for its strategic importance during the Maratha era. The fort offers panoramic views of the surrounding Sahyadri mountains and valleys. Visitors explore its battlements, gates, and historical landmarks. It is also a popular trekking destination with rich historical significance.",,,
Pune,Raja Dinkar Kelkar Museum,Museums & Educational;Cultural;Historical;Architectural,,,,"Raja Dinkar Kelkar Museum in Pune houses an extensive collection of artifacts, including sculptures, musical instruments, and decorative items. The museum reflects India’s cultural and artistic heritage. It was established by Dinkar Kelkar to preserve rare historical objects. Visitors gain insight into traditional art, craftsmanship, and history.",,,
Pune,Dagdusheth Ganapati Temple,Religious/Spiritual;Cultural;Architectural;Events & Festivals,,,,"Dagdusheth Ganapati Temple is a famous Hindu temple in Pune dedicated to Lord Ganesha. Known for its lavish decorations and spiritual significance, it attracts devotees year-round, especially during Ganesh Chaturthi. The temple is associated with philanthropy and community events. It is a central religious and cultural landmark in Pune.",,,
Pune,Osho Ashram,Religious/Spiritual;Relaxation;Luxury;Cultural,,,,"Osho Ashram in Pune is a spiritual retreat established by the mystic Osho. The ashram offers meditation, wellness programs, and workshops for visitors seeking personal growth. It combines modern facilities with tranquil gardens and a serene environment. The ashram attracts spiritual seekers from across the world.",,,
Nashik,Sula Vineyards,Shopping & Culinary;Relaxation;Luxury;Cultural,,,,"Sula Vineyards, located near Nashik, is a prominent wine-producing estate in India. Visitors can tour the vineyards, participate in wine tastings, and enjoy the scenic landscape. The estate combines modern wine-making with eco-tourism. It is a popular destination for leisure, photography, and culinary experiences.",,,
Nashik,Panchavati,Religious/Spiritual;Cultural;Historical,,,,"Panchavati in Nashik is a sacred site along the Godavari River, associated with Lord Rama’s exile in the Ramayana. It features temples, ghats, and ancient pilgrimage spots. Devotees perform rituals and ceremonies on the riverbanks. The site holds religious and cultural significance in Hindu tradition.",,,
Nashik,Kalaram Temple,Religious/Spiritual;Architectural;Cultural;Historical,,,,Kalaram Temple is a historic temple in Nashik dedicated to Lord Rama. Its black stone idol and traditional architecture attract devotees and tourists. The temple has been a center for religious and cultural activities for centuries. Visitors come to offer prayers and explore its heritage.,,,
Nashik,Sita Gufa,Religious/Spiritual;Cultural;Historical,,,,"Sita Gufa, or Sita’s Cave, is believed to be the place where Sita lived during her exile with Lord Rama. Located in Nashik, it is a small but significant pilgrimage site. The cave draws devotees interested in Hindu mythology and history. Its spiritual aura makes it a tranquil spot for reflection.",,,
Nashik,Kapaleshwar Temple,Religious/Spiritual;Architectural;Cultural;Historical,,,,"Kapaleshwar Temple is an ancient Shiva temple near Nashik, showcasing traditional Maratha-era architecture. The temple is significant for local religious practices and festivals. Devotees visit to perform rituals and seek blessings. Its historic and cultural value adds to Nashik’s religious tourism.",,,
Nashik,Trimbakeshwar Temple,Religious/Spiritual;Architectural;Cultural;Historical,,,,"Trimbakeshwar Temple is one of the twelve Jyotirlinga shrines of Lord Shiva, located near Nashik. It features a unique three-faced Shiva linga and intricate stone carvings. The temple is a major pilgrimage site, especially during the Kumbh Mela. Its spiritual importance and architectural beauty attract devotees and tourists alike.",,,
Nashik,Pandav Leni Caves,Religious/Spiritual;Historical;Architectural;Cultural;Adventure/Outdoor,,,,"Pandav Leni Caves are ancient Buddhist rock-cut caves near Nashik, dating from the 1st century BCE. The caves include chaityas, viharas, and carved pillars with Buddhist motifs. They were used for meditation and residence by monks. Visitors appreciate the historical, religious, and architectural significance of the site.",,,
Nashik,Anjaneri Hills,Natural;Adventure/Outdoor;Relaxation,,,,"Anjaneri Hills near Nashik are considered the birthplace of Lord Hanuman and are a popular trekking destination. The hills feature forts, temples, and scenic viewpoints overlooking the surrounding landscapes. Pilgrims and trekkers visit for both spiritual and adventure experiences. The site combines mythology, history, and natural beauty.",,,
Nashik,Godavari Ghats,Religious/Spiritual;Natural;Cultural;Relaxation,,,,"Godavari Ghats in Nashik are sacred steps along the Godavari River, used for ritual bathing and ceremonies. The ghats play a central role during festivals like Kumbh Mela. Pilgrims perform rituals, offer prayers, and participate in cultural activities. The ghats are both a religious and social hub for the city.",,,
Bengaluru,Lalbagh Botanical Garden,Natural;Relaxation;Cultural;Adventure/Outdoor,,,,,,,
Bengaluru,Cubbon Park,Natural;Relaxation;Cultural;Adventure/Outdoor,,,,,,,
Bengaluru,Bangalore Palace,Historical;Architectural;Cultural;Museums & Educational,,,,,,,
Bengaluru,Tipu Sultan’s Summer Palace,Historical;Architectural;Cultural;Museums & Educational,,,,,,,
Bengaluru,Vidhana Soudha,Architectural;Cultural;Urban Exploration;Historical,,,,,,,
Bengaluru,Attara Kacheri (High Court),Architectural;Historical;Cultural,,,,,,,
Bengaluru,ISKCON Temple Bangalore,Religious/Spiritual;Architectural;Cultural;Events & Festivals,,,,,,,
Bengaluru,Bull Temple (Dodda Basavana Gudi),Religious/Spiritual;Architectural;Cultural;Historical,,,,,,,
Bengaluru,Ulsoor Lake,Natural;Relaxation;Adventure/Outdoor;Urban Exploration,,,,,,,
Bengaluru,Bannerghatta National Park,Wildlife;Adventure/Outdoor;Natural;Relaxation,,,,,,,
Bengaluru,Nandi Hills,Natural;Adventure/Outdoor;Relaxation;Historical,,,,,,,
Bengaluru,Wonderla Amusement Park,Entertainment;Adventure/Outdoor;Events & Festivals,,,,,,,
Bengaluru,UB City Mall,Shopping & Culinary;Urban Exploration;Luxury;Entertainment,,,,,,,
Bengaluru,Orion Mall,Shopping & Culinary;Urban Exploration;Entertainment;Luxury,,,,,,,
Bengaluru,Commercial Street,Shopping & Culinary;Urban Exploration;Cultural,,,,,,,
Bengaluru,Brigade Road,Shopping & Culinary;Urban Exploration;Cultural;Entertainment,,,,,,,
Bengaluru,MG Road,Shopping & Culinary;Urban Exploration;Cultural;Entertainment,,,,,,,
Bengaluru,Visvesvaraya Industrial & Technological Museum,Museums & Educational;Cultural;Historical,,,,,,,
Bengaluru,Jawaharlal Nehru Planetarium,Museums & Educational;Cultural;Entertainment,,,,,,,
Bengaluru,HAL Aerospace Museum,Museums & Educational;Cultural;Historical,,,,,,,
Bengaluru,National Gallery of Modern Art (NGMA),Museums & Educational;Cultural;Architectural,,,,,,,
Bengaluru,Indira Gandhi Musical Fountain Park,Entertainment;Relaxation;Natural,,,,,,,
Bengaluru,St. Mary’s Basilica,Religious/Spiritual;Architectural;Cultural,,,,,,,
Bengaluru,St. Mark’s Cathedral,Religious/Spiritual;Architectural;Cultural,,,,,,,
Bengaluru,Ragigudda Anjaneya Temple,Religious/Spiritual;Cultural;Architectural,,,,,,,
Bengaluru,Dodda Ganapathi Temple,Religious/Spiritual;Architectural;Cultural,,,,,,,
Bengaluru,Innovative Film City,Entertainment;Adventure/Outdoor;Cultural;Events & Festivals,,,,,,,
Bengaluru,Sankey Tank,Natural;Relaxation;Adventure/Outdoor,,,,,,,
Bengaluru,Lumbini Gardens,Natural;Relaxation;Adventure/Outdoor;Entertainment,,,,,,,
Bengaluru,JP Park (Jayaprakash Narayan Park),Natural;Relaxation;Adventure/Outdoor,,,,,,,
Bengaluru,Hesaraghatta Lake,Natural;Relaxation;Adventure/Outdoor,,,,,,,
Bengaluru,Big Banyan Tree (Dodda Alada Mara),Natural;Relaxation;Cultural,,,,,,,
Bengaluru,Devanahalli Fort,Historical;Architectural;Cultural,,,,,,,
Bengaluru,Art of Living International Center (Kanakapura),Religious/Spiritual;Cultural;Relaxation;Architectural,,,,,,,
Bengaluru,Chunchi Falls (nearby),Natural;Adventure/Outdoor;Relaxation,,,,,,,
Bengaluru,Bangalore Fort (Kempegowda Fort),Historical;Architectural;Cultural,,,,,,,
Bengaluru,Jawaharlal Nehru Planetarium,Museums & Educational;Cultural;Entertainment,,,,,,,
Munnar,Eravikulam National Park,,,,,,,,
Munnar,Anamudi Peak,,,,,,,,
Munnar,Mattupetty Dam,,,,,,,,
Munnar,Echo Point,,,,,,,,
Munnar,Kundala Lake,,,,,,,,
Munnar,Attukal Waterfalls,,,,,,,,
Munnar,Top Station,,,,,,,,
Munnar,Tea Museum,,,,,,,,
Munnar,Pothamedu Viewpoint,,,,,,,,
Munnar,Chinnar Wildlife Sanctuary,,,,,,,,
Alleppey (Alappuzha),Alleppey Backwaters,,,,,,,,
Alleppey (Alappuzha),Houseboats,,,,,,,,
Alleppey (Alappuzha),Alappuzha Beach,,,,,,,,
Alleppey (Alappuzha),Marari Beach,,,,,,,,
Alleppey (Alappuzha),Pathiramanal Island,,,,,,,,
Alleppey (Alappuzha),Ambalapuzha Sri Krishna Temple,,,,,,,,
Alleppey (Alappuzha),St. Mary’s Forane Church,,,,,,,,
Alleppey (Alappuzha),Revi Karunakaran Museum,,,,,,,,
Kochi (Cochin),Fort Kochi,,,,,,,,
Kochi (Cochin),Chinese Fishing Nets,,,,,,,,
Kochi (Cochin),Mattancherry Palace,,,,,,,,
Kochi (Cochin),Jew Town,,,,,,,,
Kochi (Cochin),Paradesi Synagogue,,,,,,,,
Kochi (Cochin),Marine Drive,,,,,,,,
Kochi (Cochin),Bolgatty Palace,,,,,,,,
Kochi (Cochin),Kerala Kathakali Centre,,,,,,,,
Kochi (Cochin),St. Francis Church,,,,,,,,
Kochi (Cochin),Hill Palace Museum,,,,,,,,
Kumarakom,Kumarakom Bird Sanctuary,,,,,,,,
Kumarakom,Vembanad Lake,,,,,,,,
Kumarakom,Aruvikkuzhi Waterfalls,,,,,,,,
Kumarakom,Bay Island Driftwood Museum,,,,,,,,
Kumarakom,Pathiramanal Island,,,,,,,,
Thekkady,Periyar Wildlife Sanctuary,,,,,,,,
Thekkady,Periyar Lake (boating),,,,,,,,
Thekkady,Mangala Devi Temple,,,,,,,,
Thekkady,Spice Plantations,,,,,,,,
Thekkady,Kadathanadan Kalari Centre,,,,,,,,
Wayanad,Edakkal Caves,,,,,,,,
Wayanad,Banasura Sagar Dam,,,,,,,,
Wayanad,Pookode Lake,,,,,,,,
Wayanad,Soochipara Falls,,,,,,,,
Wayanad,Meenmutty Falls,,,,,,,,
Wayanad,Chembra Peak,,,,,,,,
Wayanad,Wayanad Wildlife Sanctuary,,,,,,,,
Wayanad,Kuruva Island,,,,,,,,
Wayanad,Thirunelli Temple,,,,,,,,
Kovalam,Lighthouse Beach,,,,,,,,
Kovalam,Hawah Beach,,,,,,,,
Kovalam,Samudra Beach,,,,,,,,
Kovalam,Kovalam Lighthouse,,,,,,,,
Kovalam,Ayurvedic massage centres,,,,,,,,
Trivandrum (Thiruvananthapuram),Padmanabhaswamy Temple,,,,,,,,
Trivandrum (Thiruvananthapuram),Napier Museum,,,,,,,,
Trivandrum (Thiruvananthapuram),Zoological Park,,,,,,,,
Trivandrum (Thiruvananthapuram),Kanakakunnu Palace,,,,,,,,
Trivandrum (Thiruvananthapuram),Veli Tourist Village,,,,,,,,
Trivandrum (Thiruvananthapuram),Shankumugham Beach,,,,,,,,
Trivandrum (Thiruvananthapuram),Poovar Island,,,,,,,,
Trivandrum (Thiruvananthapuram),Vizhinjam Lighthouse,,,,,,,,
Varkala,Varkala Beach (Papanasam),,,,,,,,
Varkala,Janardhana Swamy Temple,,,,,,,,
Varkala,Varkala Cliff,,,,,,,,
Varkala,Sivagiri Mutt,,,,,,,,
Varkala,Anchuthengu Fort,,,,,,,,
Thrissur,Vadakkunnathan Temple,,,,,,,,
Thrissur,Shakthan Thampuran Palace,,,,,,,,
Thrissur,Athirapally Falls,,,,,,,,
Thrissur,Vazhachal Falls,,,,,,,,
Thrissur,Kerala Kalamandalam,,,,,,,,
Thrissur,Thrissur Zoo,,,,,,,,
Thrissur,Guruvayur Temple,,,,,,,,
Chennai,Marina Beach,,,,,,,,
Chennai,Kapaleeshwarar Temple,,,,,,,,
Chennai,Fort St. George,,,,,,,,
Chennai,Santhome Cathedral Basilica,,,,,,,,
Chennai,Government Museum,,,,,,,,
Chennai,Edward Elliot’s Beach,,,,,,,,
Chennai,Arignar Anna Zoological Park,,,,,,,,
Chennai,Valluvar Kottam,,,,,,,,
Chennai,Guindy National Park,,,,,,,,
Mahabalipuram,Shore Temple,,,,,,,,
Mahabalipuram,Pancha Rathas,,,,,,,,
Mahabalipuram,Arjuna’s Penance,,,,,,,,
Mahabalipuram,Krishna’s Butterball,,,,,,,,
Mahabalipuram,Cave Temples,,,,,,,,
Mahabalipuram,Mahabalipuram Beach,,,,,,,,
Mahabalipuram,Lighthouse,,,,,,,,
Kanchipuram,Ekambareswarar Temple,,,,,,,,
Kanchipuram,Kailasanathar Temple,,,,,,,,
Kanchipuram,Kamakshi Amman Temple,,,,,,,,
Kanchipuram,Varadharaja Perumal Temple,,,,,,,,
Kanchipuram,Devarajaswami Temple,,,,,,,,
Kanchipuram,Silk Weaving Centres,,,,,,,,
Madurai,Meenakshi Amman Temple,,,,,,,,
Madurai,Thirumalai Nayakkar Mahal,,,,,,,,
Madurai,Gandhi Memorial Museum,,,,,,,,
Madurai,Koodal Azhagar Temple,,,,,,,,
Madurai,Alagar Kovil,,,,,,,,
Madurai,Pazhamudhircholai Murugan Temple,,,,,,,,
Madurai,Mariamman Teppakulam,,,,,,,,
Rameswaram,Ramanathaswamy Temple,,,,,,,,
Rameswaram,Agni Theertham,,,,,,,,
Rameswaram,Dhanushkodi Beach,,,,,,,,
Rameswaram,Pamban Bridge,,,,,,,,
Rameswaram,Gandhamadhana Parvatham,,,,,,,,
Rameswaram,APJ Abdul Kalam Memorial,,,,,,,,
Kanyakumari,Vivekananda Rock Memorial,,,,,,,,
Kanyakumari,Thiruvalluvar Statue,,,,,,,,
Kanyakumari,Kanyakumari Beach,,,,,,,,
Kanyakumari,Bhagavathy Amman Temple,,,,,,,,
Kanyakumari,Gandhi Memorial,,,,,,,,
Kanyakumari,Suchindram Temple,,,,,,,,
Kanyakumari,Padmanabhapuram Palace,,,,,,,,
Ooty,Ooty Lake,,,,,,,,
Ooty,Botanical Gardens,,,,,,,,
Ooty,Rose Garden,,,,,,,,
Ooty,Doddabetta Peak,,,,,,,,
Ooty,Avalanche Lake,,,,,,,,
Ooty,Emerald Lake,,,,,,,,
Ooty,Nilgiri Mountain Railway,,,,,,,,
Ooty,Tea Museum,,,,,,,,
Ooty,Pykara Lake,,,,,,,,
Ooty,Pykara Falls,,,,,,,,
Ooty,St. Stephen’s Church,,,,,,,,
Kodaikanal,Kodaikanal Lake,,,,,,,,
Kodaikanal,Coaker’s Walk,,,,,,,,
Kodaikanal,Bryant Park,,,,,,,,
Kodaikanal,Pillar Rocks,,,,,,,,
Kodaikanal,Silver Cascade Falls,,,,,,,,
Kodaikanal,Kurinji Andavar Temple,,,,,,,,
Kodaikanal,Dolphin’s Nose,,,,,,,,
Kodaikanal,Berijam Lake,,,,,,,,
Thanjavur,rihadeeswarar Temple (Big Temple),,,,,,,,
Thanjavur,Thanjavur Palace,,,,,,,,
Thanjavur,Saraswathi Mahal Library,,,,,,,,
Thanjavur,Schwartz Church,,,,,,,,
Thanjavur,Art Gallery,,,,,,,,
Thanjavur,Gangaikonda Cholapuram,,,,,,,,
Tiruchirapalli (Trichy),Rockfort Temple,,,,,,,,
Tiruchirapalli (Trichy),Sri Ranganathaswamy Temple (Srirangam),,,,,,,,
Tiruchirapalli (Trichy),Jambukeswarar Temple,,,,,,,,
Tiruchirapalli (Trichy),Kallanai Dam,,,,,,,,
Tiruchirapalli (Trichy),St. Lourdes Church,,,,,,,,
Coimbatore,Marudamalai Temple,,,,,,,,
Coimbatore,Dhyanalinga Temple,,,,,,,,
Coimbatore,Adiyogi Shiva Statue,,,,,,,,
Coimbatore,Perur Pateeswarar Temple,,,,,,,,
Coimbatore,VOC Park & Zoo,,,,,,,,
Coimbatore,Black Thunder Theme Park,,,,,,,,
Yercaud,Yercaud Lake,,,,,,,,
Yercaud,Pagoda Point,,,,,,,,
Yercaud,Lady’s Seat,,,,,,,,
Yercaud,Kiliyur Falls,,,,,,,,
Yercaud,Shevaroy Temple,,,,,,,,
Yercaud,Botanical Garden,,,,,,,,
Visakhapatnam (Vizag),Kailasagiri Hill Park,,,,,,,,
Visakhapatnam (Vizag),RK Beach,,,,,,,,
Visakhapatnam (Vizag),Yarada Beach,,,,,,,,
Visakhapatnam (Vizag),Rushikonda Beach,,,,,,,,
Visakhapatnam (Vizag),Araku Valley,,,,,,,,
Visakhapatnam (Vizag),Borra Caves,,,,,,,,
Visakhapatnam (Vizag),Submarine Museum (INS Kurusura),,,,,,,,
Visakhapatnam (Vizag),Simhachalam Temple,,,,,,,,
Visakhapatnam (Vizag),Katiki Waterfalls,,,,,,,,
Visakhapatnam (Vizag),Indira Gandhi Zoological Park,,,,,,,,
Tirupati,Tirumala Venkateswara Temple,,,,,,,,
Tirupati,Kapila Theertham,,,,,,,,
Tirupati,Chandragiri Fort,,,,,,,,
Tirupati,Sri Padmavathi Ammavari Temple,,,,,,,,
Tirupati,Sri Govindarajaswami Temple,,,,,,,,
Tirupati,Akasaganga Teertham,,,,,,,,
Tirupati,Sila Thoranam,,,,,,,,
Amaravati,Amaravati Stupa,,,,,,,,
Amaravati,Amareswara Temple,,,,,,,,
Amaravati,Undavalli Caves,,,,,,,,
Amaravati,Kondapalli Fort,,,,,,,,
Amaravati,Bhavani Island (Krishna River),,,,,,,,
Amaravati,Prakasam Barrage,,,,,,,,
Vijayawada,Kanaka Durga Temple,,,,,,,,
Vijayawada,Undavalli Caves,,,,,,,,
Vijayawada,Prakasam Barrage,,,,,,,,
Vijayawada,Bhavani Island,,,,,,,,
Vijayawada,Victoria Jubilee Museum,,,,,,,,
Vijayawada,Gandhi Hill,,,,,,,,
Lepakshi,Veerabhadra Temple,,,,,,,,
Lepakshi,Hanging Pillar,,,,,,,,
Lepakshi,Nandi Bull Statue,,,,,,,,
Lepakshi,Lepakshi Handicrafts,,,,,,,,
Srisailam,Mallikarjuna Jyotirlinga Temple,,,,,,,,
Srisailam,Srisailam Dam,,,,,,,,
Srisailam,Akkamahadevi Caves,,,,,,,,
Srisailam,Pathala Ganga (Krishna River boating),,,,,,,,
Srisailam,Sakshi Ganapati Temple,,,,,,,,
Araku Valley,Borra Caves,,,,,,,,
Araku Valley,Coffee Plantations,,,,,,,,
Araku Valley,Tribal Museum,,,,,,,,
Araku Valley,Katiki Waterfalls,,,,,,,,
Araku Valley,Padmapuram Gardens,,,,,,,,
Araku Valley,Chaparai Waterfalls,,,,,,,,
Nagarjuna Sagar,Nagarjuna Sagar Dam,,,,,,,,
Nagarjuna Sagar,Nagarjuna Konda Museum & Island,,,,,,,,
Nagarjuna Sagar,Ethipothala Waterfalls,,,,,,,,
Kurnool,Belum Caves,,,,,,,,
Kurnool,Oravakallu Rock Garden,,,,,,,,
Kurnool,Konda Reddy Fort,,,,,,,,
Kurnool,Rollapadu Wildlife Sanctuary,,,,,,,,
Kurnool,Yaganti Temple,,,,,,,,
Anantapur,Lepakshi,,,,,,,,
Anantapur,Penukonda Fort,,,,,,,,
Anantapur,Dharmavaram Silk Weaving,,,,,,,,
Anantapur,ISKCON Temple,,,,,,,,
Rajahmundry,Godavari Bridge,,,,,,,,
Rajahmundry,Dowleswaram Barrage,,,,,,,,
Rajahmundry,ISKCON Temple,,,,,,,,
Rajahmundry,Papikondalu boat cruise,,,,,,,,
Rajahmundry,Kotilingeshwara Temple,,,,,,,,
